Time (s),X-axis (g),Y-axis (g),Z-axis (g)
0,-0.0413791721992088,0.6857249317809571,0.9671521333680536
1,0.967542291755992,0.706397540101673,-0.0172729923112911
2,0.0257865919435848,-0.7139608343722604,-0.9765251166745154
3,-1.0068064645107038,-0.7197471543596291,-0.0618056429798832
4,-0.0013013640458495,0.6789421409737844,0.993833038196182
5,0.9872654296736484,0.7202057087751356,0.0316414756859476
6,0.0163408751340584,-0.7141529743590846,-1.0015699016601642
7,-1.0308963358398866,-0.6865656618149206,-0.0368465024273558
8,0.0364707291443919,0.7045092190112192,0.95733759103418
9,1.0011773489117313,0.6689316877496494,-0.009766876884323
10,0.0324646816498703,-0.6924101258304272,-1.018933638439367
11,-1.02467052470952,-0.7238079538038907,-0.0377006110395601
12,-0.0365476064380885,0.7193989140024067,1.0194574472589324
13,1.021832597682317,0.7649948595347534,-0.0092333366300217
14,-0.0245819774895,-0.6803205165230829,-0.9758400934131688
15,-0.984138308956394,-0.6992923150500451,-0.0197950392822785
16,-0.016917916460506166,0.7384197421351766,1.0431175339799847
17,0.842048251990266,0.5579667725384614,-0.049745149656282114
18,0.01576050148897418,-0.7343787757222262,-1.0902119984131957
19,-0.5974833395301107,-0.45350760167902693,0.07198425727594004
20,-0.014116266593076318,0.8194814674299253,1.1164651236143315
21,0.33439827195532973,0.3016282743681355,-0.2047543002096207
22,-0.00048371698578737396,-0.9136662535736312,-1.091674716465746
23,-0.18486583200708517,-0.22160709478591728,0.25478699380028863
24,0.01633596098856685,0.965500886597688,1.142778831973232
25,-0.015982429089150596,0.03335336367087832,-0.27910255743331963
26,0.025638320375833613,-1.0304364201479719,-1.1786425781426213
27,0.16447297117551873,0.04004168646186734,0.36771444008171306
28,0.00682214665439507,1.0715675202201809,1.1956722145368865
29,-0.3487209209771045,-0.23491177846866368,-0.3935559912517059
30,-0.02210583683169885,-1.1377495909832553,-1.2793584669917577
31,0.6134845178229439,0.30617675683324463,0.47227790742562964
32,-0.0023678865188099356,1.198843776825567,1.303872077062302
33,-0.8277885975454092,-0.4211879039406145,-0.5593169594182945
34,0.012607752276930319,-1.2174003736990815,-1.3506514474543014
35,1.04514907557955,0.6067978152655111,0.5601056537237886
36,0.05626689806434048,1.2831260022529156,1.3606584384332603
37,-1.1866534333599885,-0.6797710324880453,-0.6791006826557018
38,0.028011352283468453,-1.3754363112436625,-1.3428461051283187
39,1.4136926133045933,0.8630822455159968,0.6307885599966001
40,-0.002666868844080183,1.3574679130117204,1.3796016400235793
41,-1.6670669332201182,-0.9660034127229309,-0.7825220078066523
42,-0.041095745906306325,-1.4899213111147533,-1.5049119676457592
43,1.7791629589731774,1.0866583174244446,0.8647026061788836
44,0.039513926097990225,1.5666888112329007,1.4037407882595636
45,-1.9346799957575975,-1.1288009550981448,-0.9035812487987482
46,0.060767330146604,-1.591332635872564,-1.5754778724380791
47,2.057093054737804,1.2122172074732365,0.9370667545307304
48,0.0435226647353468,1.5321556193646515,1.5312210277091494
49,-2.016502104809735,-1.2191764446447615,-0.9096967324768576
50,0.1020095109392079,-1.533295871250187,-1.4583030965114416
51,2.0341509048264728,1.2751250987626324,0.8726839406847487
52,-0.011373853438353,1.625075672906013,1.5719702605524202
53,-1.9689925938533444,-1.1973782287659391,-0.9037287728818774
54,0.0758463860114802,-1.4641270138218212,-1.4509094750487517
55,1.9665514640431292,1.2002826839456755,0.8706942324061537
56,-0.011900168334771,1.601426552951354,1.489126124163734
57,-1.9060256134417928,-1.1992365514231706,-0.9066728276580855
58,0.0167267098012945,-1.6180978989675427,-1.4993148352471504
59,2.002527578648609,1.1889741040996158,0.7971262007909339
60,-0.0160722142284328,1.4625734476442245,1.497514683100656
61,-2.046701835776128,-1.2584608291070414,-0.9112762352173164
62,-0.018556394782684,-1.6088598605422342,-1.517877727150233
63,1.956141588629156,1.2105289260186338,0.9400067695546046
64,0.0644087931032543,1.6438371897866586,1.5079122381336094
65,-1.8231478654872029,-1.1095085927719848,-0.8056044763110496
66,0.1106287808618945,-1.6242631089260802,-1.4175641393643876
67,2.0903429334681687,1.2423805445630678,0.836306530310805
68,-0.0247258592046245,1.520021467990489,1.4320208571720214
69,-2.0362092395499714,-1.2076703742287545,-0.8269926363148818
70,-0.024853615821537,-1.5731600178617893,-1.560420491185731
71,2.0068757657787213,1.200984739904856,0.8438096347336016
72,-0.0390521578993345,1.593856175180841,1.469261875207624
73,-2.0010622357988765,-1.1641276302320678,-0.8112040805335856
74,-0.0390551305881284,-1.6128439631612397,-1.5722479056195156
75,1.9544176345734168,1.2255683493794065,0.9082957999773896
76,0.067872383883871,1.580498105432674,1.5557738542810358
77,-1.9870078153686108,-1.2071354457692065,-0.9106800116075584
78,0.0403102267079453,-1.5409827270123275,-1.4797446450164822
79,2.0199454760402027,1.2347024123356822,0.8589238262301927
80,0.0340754224883516,1.5933759093755155,1.4246181086419685
81,-1.991405753796148,-1.177028291301188,-0.8762648562212446
82,0.0296546564543445,-1.5841090863109009,-1.555842561017145
83,2.032285899960503,1.1493502210492053,0.8510624744010205
84,0.0149545937384408,1.4934687277882184,1.446831224693127
85,-1.996424205633435,-1.2071188243618136,-0.7947368937099037
86,-0.0021724567449461,-1.5515964905287043,-1.4883668122766556
87,2.0225578496452417,1.202001514235734,0.7636115710794994
88,-0.0014910836929803,1.471833479534892,1.418050209639904
89,-1.980845142526714,-1.1102166971773355,-0.9151948101230644
90,0.0166456533607715,-1.5845807044667233,-1.4573162527150645
91,2.034226331985331,1.1476686836798031,0.8856686816432545
92,-0.0126280613526599,1.6004848518167198,1.5359063586833008
93,-2.015717022225296,-1.145146563516155,-0.8214224317415493
94,-0.0740555228538996,-1.557355111494027,-1.4201774481335436
95,1.978003031140889,1.2033656925592262,0.8918013499008731
96,-0.1056160217060191,1.5418109552569172,1.4473931037829306
97,-2.00551651582274,-1.2242128312518383,-0.861692186860534
98,-0.0538685953953261,-1.5848405360608016,-1.4042647505284709
99,2.0016140570089807,1.1929889450222109,0.9734219157361218
100,-0.041169857175191,1.6070863733156169,1.4369676005764709
101,-1.9928391404858252,-1.190422993652374,-0.8227456501759148
102,0.0168494476973807,-1.4794089857367674,-1.5088873811488894
103,1.9452072898980644,1.2093594423924454,0.8738196111402733
104,-0.0847887832108446,1.571225331889953,1.4199166963606504
105,-2.0127674079766136,-1.2229808090457763,-0.8587453717637682
106,0.0472908934542838,-1.53653658335611,-1.4698810246979443
107,1.8715229595092993,1.144734256248196,0.8501488328166614
108,-0.0254853011753322,1.623078449746953,1.4948511874053032
109,-1.986577808928145,-1.2609236615200126,-0.839861838814482
110,0.0293312779037033,-1.6174313902434456,-1.50764428035145
111,2.08833830205922,1.184510682080686,0.814115715697796
112,-0.0697006967171952,1.552106215412932,1.5009810374417247
113,-2.01717970489193,-1.245743399745377,-0.8300525228462928
114,0.0173142805829936,-1.514844585056647,-1.4282106212632826
115,1.984029841683861,1.236397206896752,0.9024115371015016
116,0.0936443866639208,1.513554464971701,1.486207423649637
117,-2.0736726950565236,-1.22312713872315,-0.9072378602381956
118,-0.0481946125575155,-1.5642104483590455,-1.4283058226410748
119,1.9446192918396876,1.205641086947864,0.8211844904081448
120,-0.0130259490721753,1.584830918575636,1.4933785669667543
121,-2.0232608931329428,-1.1965916496144038,-0.8771433978366231
122,0.0087224247659419,-1.47240588207102,-1.465762530105064
123,1.9289561330660352,1.189189575475922,0.8745449410040641
124,0.0596905867830848,1.648810394794742,1.5080302539707289
125,-2.0426806663025947,-1.1662850720151947,-0.8516688842635692
126,0.0127617922425651,-1.6137278716395111,-1.4974608585013225
127,2.0609954232259877,1.2728465499367574,0.8116122706283313
128,0.074136269976654,1.6056850459163294,1.4608690375711118
129,-2.0424879508688822,-1.1519117828378116,-0.837785084664389
130,-0.0020625811665765,-1.5264323903637211,-1.4990479195248507
131,1.9105874544060144,1.1425960853411523,0.881133673363132
132,-0.0625861236611041,1.591660333943835,1.497161047288305
133,-2.080468365822834,-1.2338209602618084,-0.821563874895481
134,-0.0320047566831294,-1.5259390276705551,-1.4506465585891668
135,2.0451247462456914,1.2397786865198115,0.8000323684458635
136,0.0108308499378358,1.5553250758893944,1.5318404065062945
137,-2.075858003281932,-1.2713868027831965,-0.8830908564944455
138,0.1097711059645793,-1.5846188345896093,-1.6223944639329448
139,2.0797016371555257,1.1944267626503229,0.8825826555085649
140,-0.0315543504291494,1.523639195335358,1.5537540827463985
141,-2.1004220529855147,-1.2601767170142182,-0.8752441917450975
142,-0.0158507604385252,-1.528816679205082,-1.4706532498210296
143,1.999198181332711,1.186655913496568,0.8643274347105124
144,-0.0462076442153532,1.5018391981240071,1.4532220379460443
145,-2.003576514255286,-1.165625107505926,-0.9014402677693176
146,0.0015747950866353,-1.5823451809044904,-1.5231732412234629
147,1.9750476008770796,1.2093105435705909,0.9605959706810108
148,0.0446132021997518,1.605981821339023,1.568055859766226
149,-1.887781656214517,-1.1746031544468754,-0.8890210921002956
150,-0.0433787277308797,-1.571437797637976,-1.5669157636124933
151,1.8998068485224708,1.228270608173336,0.8761517174000885
152,-0.0186368598444102,1.5043482073141374,1.533412807776864
153,-1.9990038982264904,-1.2244968775530436,-0.9024164777917976
154,-0.0132097042653436,-1.5785260182021934,-1.496540975160193
155,1.9741459048947865,1.2255100406207655,0.8384591952623096
156,-0.0329991457758562,1.572587197881076,1.430262038785175
157,-2.0005069319902855,-1.1862457444155354,-0.923030623154042
158,-0.0208271530651306,-1.6004306862211963,-1.3993236982217123
159,1.9630032895063247,1.2136724532150474,0.785719876804661
160,0.0732906315751935,1.6182970270450998,1.4968439562955775
161,-1.9023622802839515,-1.139074969923903,-0.791869590210859
162,0.0400893298970263,-1.633212486535603,-1.4213267867509891
163,2.010458808487458,1.254867688048684,0.8217753853772228
164,-0.0607487718303835,1.5469708687135613,1.4553821328831842
165,-2.018112027983859,-1.2132375017758068,-0.887375003614906
166,-0.0111328067142282,-1.683091816590448,-1.4624944167965608
167,1.9540391768809433,1.1360594783376383,0.9024609005193808
168,0.0767927961163901,1.5346365436408196,1.4801627821576704
169,-2.0346201284467074,-1.192212044120474,-0.8389667253249969
170,-0.0527453952635874,-1.5765686671040873,-1.5378429549129664
171,1.9896689925598137,1.2558321086290305,0.8459821207006569
172,-0.0326533772105064,1.5583624577200317,1.44759027669078
173,-1.9798261064102587,-1.22457553379456,-0.8626942046542065
174,-0.0225156225302416,-1.5933631503097876,-1.4836766721296433
175,2.065486366468831,1.258660693600708,0.8186282795839683
176,0.0075602077748794,1.5746085351935746,1.5481744630716898
177,-2.0576299422537585,-1.151888912558111,-0.808165731801833
178,-0.0127188701423389,-1.615305414721016,-1.5520510198184694
179,2.0434619369636735,1.2238612127868322,0.887710036455544
180,0.0164450699305499,1.5451986422677702,1.496293437609816
181,-2.1077556487385203,-1.2615751670172817,-0.7620165110145386
182,-0.0055948103167929,-1.5471427250711245,-1.5486400812057868
183,2.0399879020861977,1.1920860293253126,0.8552748709640204
184,-0.0213433893654726,1.5598863604084878,1.5045221328356528
185,-1.950394016155064,-1.167428864089254,-0.9283645783759104
186,0.0003531538631867,-1.5656231831534946,-1.535685495849228
187,1.986490417492336,1.1423921555451233,0.7639269611991684
188,-0.0300375425146614,1.489020980508215,1.4297732122766664
189,-2.018781303421682,-1.290325238246996,-0.8310709235794571
190,0.0050321768897207,-1.5233613827472223,-1.5437085045840215
191,1.9255953638549097,1.205958042288484,0.7596359621466738
192,0.0301738175260219,1.4820793926460367,1.5127142529803577
193,-2.1039074203902346,-1.2787659336635369,-0.8523067613916284
194,0.0232145579943877,-1.585583403634314,-1.5519321756895446
195,1.9799960776136925,1.244107907510859,0.868898321861078
196,0.0807361230425811,1.5280919135330338,1.4969851911104644
197,-2.078496749993284,-1.261197601373332,-0.8222393044755162
198,0.1010528846664075,-1.6582828432756724,-1.5456764516049302
199,1.982321066963065,1.1733601191597676,0.7837505037454381
200,-0.0576312914375494,1.574558785976634,1.465854091859618
201,-1.9954125284028807,-1.1891874316409343,-0.9358005038403236
202,-0.0465356600856583,-1.4823122306439795,-1.5172032899152217
203,1.9504805507515832,1.2350444569540309,0.9206751117116
204,0.0264331028698695,1.5695705212716575,1.4753125838729992
205,-2.0431082735615047,-1.1689185181162849,-0.9264734660153316
206,-0.0187828234253433,-1.6164267571276287,-1.5363426818867107
207,1.8969283007815156,1.1313759473572034,0.8369041393696285
208,0.0097717535223611,1.4949427247681055,1.4544352504794107
209,-2.0006930651441728,-1.1830052513126403,-0.7612717084424127
210,-0.0613671723518679,-1.5537909161630237,-1.4618619884023083
211,1.9955976669213031,1.1676385257518578,0.9581652491526236
212,-0.0919603979579755,1.5871103893923275,1.5445893491742
213,-2.024380552121534,-1.1464786109876324,-0.771817179361245
214,0.0029390941125014,-1.5867808067976734,-1.5215699187135674
215,1.9610127111147213,1.2229278602533136,0.938341886946768
216,0.0275892676707328,1.5363927727840352,1.519960566301905
217,-2.0819372321704783,-1.2651319912245818,-0.899679832808242
218,0.0090754931482476,-1.6297657575494946,-1.506486101533845
219,2.048170035006719,1.1942766501198356,0.9141890813410984
220,0.0013812784395159,1.6175951931954564,1.554354222840688
221,-1.980351966549411,-1.1584242872878556,-0.968096553142648
222,-0.0207520385401575,-1.5494715586851109,-1.411180424358235
223,1.9720154161018055,1.216755752981884,0.8457657790556524
224,-0.0184364929377852,1.6002200044612045,1.4761718131857906
225,-2.041124293115008,-1.225327807605815,-0.8873220939468536
226,0.0354437238828508,-1.5437963041268048,-1.444034141796832
227,2.1025214141050275,1.2051429769050184,0.8881757452383385
228,-0.0198306752493148,1.5850894451344508,1.4819960666554532
229,-2.0900884415488026,-1.3403069284852211,-0.8762568216496114
230,-0.1049082782690379,-1.5326865863175052,-1.505185864688225
231,1.9722778725354992,1.154719581301033,0.8279358943945997
232,-0.0868553330886268,1.5927207950205016,1.4445419600338238
233,-2.031837162605321,-1.2509571299881712,-0.8660105164243962
234,0.0272214732297462,-1.5510649277777306,-1.4879754531047409
235,1.9879304824233817,1.2056314716207068,0.9708429438202256
236,-0.0310658837187824,1.5487805917622424,1.493722272657281
237,-1.9662648823215871,-1.1692935529839763,-0.8969394243656004
238,-0.0161940610924292,-1.6425618954703511,-1.486030418199797
239,1.9561530032328944,1.1540646764836704,0.8650550243746972
240,-0.0033588533052864,1.5119243557590378,1.5569568536339722
241,-1.9931282693041192,-1.1546139445084709,-0.8624839279841114
242,0.047724274495034,-1.5594254901662457,-1.5029403409465132
243,2.030617989081379,1.1547264760168232,0.8279493236441793
244,-0.0146386153374404,1.6410616650993015,1.563416398761157
245,-2.092552867303848,-1.170359489275237,-0.9049529914061316
246,0.0941467375708081,-1.6341694267073583,-1.4424934789678292
247,2.026609548139136,1.2485593727800228,0.8606376696029309
248,0.0594545605498021,1.5144669979615186,1.616675480992594
249,-2.0060602775238774,-1.1433242191614912,-0.9459962076310804
250,0.0139317841879831,-1.638908787835905,-1.4858657371611923
251,1.921704233195042,1.2197325730753277,0.8294546521711342
252,0.0090892357434966,1.543955940592585,1.4651977584715183
253,-2.039397710056796,-1.2464562238987156,-0.8483610668411531
254,0.0758932300063566,-1.4704228945075,-1.5053631526787423
255,2.01897888455368,1.2484689429924338,0.8502193469096659
256,0.0263427670277856,1.5763858747706825,1.508477094079417
257,-1.9679320683982675,-1.148805191711276,-0.931888109869785
258,0.0082619115503515,-1.582322001479278,-1.4113775233041532
259,2.070095974596867,1.208765278709055,0.8313761178759673
260,0.0583815863569935,1.5730754176664616,1.4827324143563778
261,-2.0516459157410027,-1.2939805422580797,-0.9510909799249656
262,-0.0162926055305751,-1.5622415007521762,-1.4580984863109676
263,1.9977373257788136,1.1945315677112824,0.868640968805364
264,0.0535742399769033,1.4933804779693711,1.498655377669356
265,-1.960934073369891,-1.145938099173667,-0.8916369432785911
266,-0.0085582986025878,-1.5903441056463474,-1.5616508945261285
267,2.0496072204401363,1.1223520822641202,0.8789311087833472
268,0.0059738730403587,1.5792937572150891,1.4935359191796242
269,-1.9350596993477591,-1.2043913497014276,-0.8705661949849404
270,-0.0476490054063106,-1.6069431398404703,-1.536901065394819
271,1.952710767086531,1.1640996698699553,0.8114354524901436
272,0.0696302733685407,1.5792060012009534,1.4900277782139348
273,-2.0045047614559284,-1.211492723554491,-0.872330439506245
274,0.1217517037786809,-1.5816950955007771,-1.520660939209606
275,2.0933104634263935,1.2888879871515546,0.8673174783415063
276,0.0474457773579427,1.5401423084182209,1.5589553799364824
277,-2.0073992859481073,-1.2517651409193753,-0.7983993105038424
278,0.0178475099696788,-1.5729687694674193,-1.5141214378628174
279,2.000072698626117,1.1798954201792609,0.9318786455775714
280,-0.0666902325215722,1.5161781648945725,1.519897285439477
281,-1.9813131807284092,-1.2131280343674136,-0.9080996311055942
282,0.0175832408718809,-1.4688517586734262,-1.5339822642827885
283,2.0222840804219695,1.1006468537956149,0.8030532660712026
284,0.0298637846642854,1.6504238949390464,1.4483958722314136
285,-1.9027292201608652,-1.2158244545609294,-0.8604898111051834
286,-0.0146869866075408,-1.5682047297825363,-1.4226081497662266
287,2.0221864507213985,1.1784402306693578,0.8277609172202286
288,0.0511479834719625,1.532116277127779,1.4962334952686331
289,-2.039719110292073,-1.2659692313520403,-0.9014201108825252
290,0.0568961996133038,-1.527565585592643,-1.5195672446054775
291,1.993716301131013,1.2336474692983346,0.9091716126505284
292,-0.0482911533212384,1.619409613720698,1.5184652704889277
293,-1.9032990950075104,-1.1763728109411808,-0.8510551291771795
294,-0.0224116067330392,-1.6030525543026573,-1.5413050377043531
295,1.9592864761910949,1.2334012805359655,0.9140735414669529
296,0.0136604746240024,1.4601424142593422,1.5446990805189655
297,-1.996574513986556,-1.1490754025268433,-0.8013071383279249
298,-0.03943584557778,-1.5716170058016583,-1.6065788354980823
299,2.0909951486940637,1.1982616618126678,0.9229105331449096
300,-0.054700878489976,1.6094253106397187,1.462403092632896
301,-1.980681155465226,-1.2084388797867909,-0.856152764582777
302,-0.0099299093261007,-1.504307065468549,-1.473148247150265
303,2.0123046211597293,1.1626830327697109,0.8545487468811909
304,0.0830934301475381,1.5649500207977682,1.519974545212418
305,-2.010324479988246,-1.1687957320589255,-0.8835269581699301
306,-0.0109430121798909,-1.5937124337227777,-1.4627123460459468
307,1.885465679934463,1.1536906985213442,0.8688971603180492
308,0.0208072701588442,1.558509484865035,1.4802563863411424
309,-2.0578644674006603,-1.1547882434981962,-0.8599645601625925
310,0.0036145160667294,-1.5566518585667342,-1.4922850674361698
311,1.955154124048974,1.2469961330769073,0.9046271631744178
312,-0.0033724941606983,1.652966769916995,1.5483492747755507
313,-2.011448976280509,-1.2310413605370207,-0.9586625105300428
314,0.01182897093256,-1.5119548860125889,-1.4628827307753491
315,2.0143857206419185,1.155876807050562,0.7659527255189252
316,0.0159191427104397,1.598125242637846,1.4336328377685768
317,-2.071677478820928,-1.2095732155101626,-0.887273902861183
318,0.0114372688959403,-1.6178929832008229,-1.490523710838119
319,2.018338777529354,1.2414301509132035,0.8970165182552762
320,-0.0198308255904296,1.5118720934818537,1.4961922582988174
321,-1.9596492213538528,-1.1853013688981344,-0.8275107509229305
322,-0.0085483903998501,-1.618378490493541,-1.4297226391446445
323,2.0526506421200277,1.2076672043938244,0.8813982689503403
324,-0.0686671849806629,1.4566151685893685,1.4585342521683928
325,-2.0069902224840535,-1.128946324743396,-0.8306240760723328
326,5.945423279310864e-05,-1.5779581879440352,-1.4875149751246768
327,1.8693720195484291,1.190295091529545,0.8297671693813602
328,0.0051801139432004,1.548937901463611,1.4952474027868043
329,-2.0190510211289405,-1.1913455036360387,-0.839532043093419
330,-0.0501363458819425,-1.6079060047315636,-1.4854918101769714
331,2.0605364177305785,1.24168370357681,0.8261484532716729
332,-0.1285562447733068,1.5357700296513126,1.4946904538909558
333,-2.013438047105115,-1.169605282310896,-0.8190506473011334
334,0.0314015962071802,-1.597794231860424,-1.5151594656142038
335,1.9909536735939444,1.2211227823628046,0.8663042689254504
336,0.0491764039452434,1.6236370884851077,1.482646442502356
337,-2.0349462608914575,-1.2143996810486226,-0.8169096857503659
338,0.0753855695728274,-1.6274887221039496,-1.5541173153156642
339,1.969918269451441,1.264464536026415,0.959593987572076
340,-0.0376635775655421,1.6142906753933868,1.53878178448364
341,-1.972447692189413,-1.173823611185676,-0.8562096381015528
342,-0.0236623307034946,-1.5470384111823168,-1.463097077869603
343,2.0373275440168417,1.205621999731507,0.9077876584685308
344,0.008438973288413,1.514649355246538,1.5925780492726902
345,-1.9466059694659432,-1.238938323942897,-0.7996089302728172
346,-0.020909023935272,-1.5431508663748446,-1.5913800614608782
347,2.0255813148287247,1.2138700393202833,0.8156812774594464
348,0.0398522884260699,1.5914838137325265,1.5627213384921204
349,-2.063582860122629,-1.2803345004246205,-0.933563282410306
350,-0.0500697414295874,-1.5322291246463342,-1.4998752913106657
351,2.043268817558197,1.1814752780623343,0.8477543319675171
352,0.0292049337874044,1.5655055983617514,1.5417343477703649
353,-2.031291575632259,-1.176980222808922,-0.8151768338368989
354,0.0618966298110463,-1.6049706380504714,-1.5203859494111316
355,1.994041456274594,1.1904190656541334,0.8350522494397068
356,-0.0994778205594018,1.5837867025175534,1.5730955244007423
357,-2.080948631330448,-1.1614306592092674,-0.8550587019743341
358,-0.0141062891121359,-1.5474378629534733,-1.4714917134626997
359,1.9616870276938565,1.2507613230311805,0.916230638424826
360,0.0412720105717002,1.562328472790579,1.4809181524870954
361,-1.884049488184322,-1.1101425077191478,-0.8324754955897962
362,0.0009639312188299,-1.6097761855019137,-1.5443926746235654
363,1.981620034960352,1.147651890939349,0.8232051352227459
364,0.0342292047647588,1.5786012477699716,1.5468162626775803
365,-2.0075873964553774,-1.1662712942531397,-0.8566515833058129
366,-0.017729050759414,-1.5626628762329309,-1.433724448974522
367,2.0364884564186334,1.2479533825508222,0.8086827744017605
368,0.0775258391136507,1.6149673450175217,1.5003915733885869
369,-1.9240929718659063,-1.1884884231328372,-0.915165760506427
370,0.091916205341482,-1.633546953766553,-1.5290843046569869
371,1.9880763508430996,1.2558904239501132,0.8982975267148673
372,-0.0390665567198646,1.5796459859116192,1.4816788128886766
373,-1.9527671316541737,-1.183856394792267,-0.8473016741162221
374,-0.0398571272008675,-1.5034976672181617,-1.560666347130451
375,1.9735107582097255,1.2074044915160125,0.8079068472748542
376,-0.083085777658233,1.5301296331572978,1.535838284967454
377,-2.059485612848124,-1.2545502075584545,-0.875425514137145
378,-0.0177539499740649,-1.5373655924845844,-1.4755664716174113
379,2.040146688177494,1.1977590399394829,0.9393397139630923
380,0.0274444228613703,1.5631653265386372,1.540900006191407
381,-1.970760837068237,-1.2090087358691632,-0.9046553444058116
382,-0.0374871363584682,-1.6045978034917616,-1.4281588131448977
383,2.0360186790758465,1.195972748295157,0.8967905985703972
384,0.0452535039541892,1.5894465208842532,1.5245269929294774
385,-1.9722133685601608,-1.1824282582480368,-0.800642968750532
386,0.0455622961106327,-1.5422992818102423,-1.5251319905061709
387,1.8915577580020555,1.1583345667854816,0.8206052547627817
388,-0.0025831828118527,1.5895566736891609,1.447534839117716
389,-1.9386407774913297,-1.235464147062662,-0.7677978158512072
390,-0.0183463779766175,-1.5792176682337216,-1.4947958236323045
391,1.9897157467427529,1.1339524479247791,0.9533916484786752
392,0.0098979363133137,1.589040650005642,1.453644995702876
393,-2.047665544765897,-1.2196513186722142,-0.7980644507729326
394,0.0455879978797096,-1.6025753988676985,-1.534612965561559
395,2.067826188951315,1.160891306592205,0.8651307625748696
396,-0.067663815218172,1.5437269630941208,1.5139440003777185
397,-1.9178688072052463,-1.2291159103040956,-0.8707781218241046
398,-0.0401386678401402,-1.5999377830205557,-1.509995436005887
399,1.9663542955016704,1.2267381257755152,0.8786619571123961
400,-0.0249601354098475,1.544709608314693,1.5428267266985092
401,-1.934133423257162,-1.1942881640735017,-0.7924992159690791
402,0.0006489480816211,-1.566357813842814,-1.474175335521684
403,2.0349364792051317,1.09634005253572,0.8779030872585484
404,0.0212563976162109,1.533649302233458,1.4733072601309951
405,-2.016860197912684,-1.229678762898861,-0.8280628722442726
406,0.007570221322149,-1.660299251373619,-1.527175604265589
407,2.0075962069180253,1.099339968705733,0.8489380683112194
408,-0.0814981309220913,1.5876000860364945,1.5345690142229669
409,-2.074004276679167,-1.1343658516332693,-0.801386526208915
410,0.0245311190730228,-1.6398660636700613,-1.477023700900945
411,1.9732178245888805,1.307664005550359,0.8388596204106515
412,0.0161067604218124,1.5059970786985917,1.557281586295706
413,-1.9861768360057004,-1.2380733783708835,-0.8361196704139705
414,-0.0872470380838926,-1.5383835313587266,-1.4660498610802126
415,2.007620236667276,1.1493348955691562,0.884085066302157
416,0.0366703805870387,1.6233623056883435,1.5117580133994302
417,-2.018818096792647,-1.2062159441214555,-0.8879005656735012
418,-0.0255252914726504,-1.5868848100821544,-1.483632638453635
419,1.9106688009006283,1.3053925237138626,0.9307258776428616
420,-0.0175950812017494,1.5595523765751018,1.5338700890597263
421,-2.018582116360312,-1.200377593075703,-0.8765911992195029
422,0.0277988705676099,-1.532271829668384,-1.476402817495413
423,2.037422472859093,1.238735236634814,0.7966761998224205
424,0.0558001559044004,1.558407427591917,1.51009134694952
425,-2.0141591428917915,-1.2546493576082136,-0.8397307074535089
426,0.012654299205131,-1.5372439273292866,-1.4490455151905883
427,2.026321879399553,1.1064119403541857,0.8176514963007034
428,-0.0619538187671047,1.651535126717414,1.4132429679666865
429,-2.042642336385362,-1.1605653231136983,-0.8316665182936268
430,0.0292498447949601,-1.6337588697871095,-1.5806893927202847
431,2.080607134151528,1.3053317088004477,0.8121090732866308
432,-0.0123284581234565,1.566803605696562,1.4737028831234469
433,-1.9680580885115428,-1.199518741274393,-0.8267219704429039
434,0.0259867531638856,-1.6271050012957122,-1.5345809872605023
435,2.014177997969518,1.186236454664196,0.9802221912662268
436,-0.0404546562716626,1.5563549515603543,1.4554744183541384
437,-2.0197399859596445,-1.321969118774892,-0.9318548913285886
438,0.0614479311223841,-1.6096183253976566,-1.3854502383957177
439,2.0475736018605892,1.2565729081636914,0.7974313381355446
440,0.0975906755992501,1.5254260245979243,1.563771220782323
441,-1.9935665374425335,-1.2085635040462233,-0.8023555613879548
442,-0.0287362112400453,-1.607877661554732,-1.4737627593328892
443,1.952932774336494,1.3082223471622934,0.8572779013821121
444,-0.031028470756285,1.473072718183896,1.459720348201198
445,-2.004851093635646,-1.3542165177635024,-0.8605847377314584
446,-0.0035658286841756,-1.576147821484381,-1.569263210862865
447,2.0695662601460345,1.2003050122619152,0.9075660657680936
448,0.0052481768209948,1.6191027971034266,1.592050721738839
449,-2.034422481887933,-1.221535300609716,-0.9216145416375204
450,0.0700003012957092,-1.5083450468408013,-1.4688147193009522
451,2.0321761392516366,1.3121840720772489,0.8041499895359916
452,0.0100899242790319,1.5437197430716116,1.494073933457584
453,-2.0863349942150333,-1.2222400613216955,-0.8694932644455727
454,0.0238656754370112,-1.5805401344730812,-1.4497865243908472
455,2.0791856680214926,1.1488393290344618,0.7692190656214698
456,-0.0418670512016019,1.6018524950485178,1.5888578577131292
457,-2.1093075734134907,-1.258793225227048,-0.8302747652404457
458,-0.0491566635214337,-1.612767700184348,-1.5214832892706625
459,2.0126103049451727,1.2103388848917096,0.951804437067836
460,0.0403764079601037,1.635366988965184,1.414125415770113
461,-2.0241174412441705,-1.274407078693783,-0.8705815534965746
462,0.0097511415520771,-1.5934561036426202,-1.469051593637519
463,1.9260011668494328,1.300629397853691,0.8186778898459433
464,-0.0662323092800591,1.5566976964213737,1.567888197193306
465,-1.941025256331201,-1.1276726889532367,-0.8705684810004303
466,0.0463326426176567,-1.6067626319731545,-1.448294602498834
467,1.9730445200257969,1.1591176561927847,0.8653554988763602
468,0.0397314441550978,1.5430638425862486,1.6188177492586042
469,-2.050939852189575,-1.18781160233412,-0.8923452886523068
470,-0.0082552675909835,-1.635231373359901,-1.4722172017270412
471,2.054503178865232,1.210355933616366,0.8572496884567083
472,0.0174411190027966,1.682647142440975,1.3868979041576988
473,-1.858383209431592,-1.2449017878794066,-0.8413581125310906
474,-0.0687321013356163,-1.560012875043835,-1.5581994116548297
475,2.064760670671003,1.124019614773803,0.8353050094120684
476,-0.041463334268709,1.63922538300517,1.4166714349686391
477,-2.0470034988791137,-1.3082605516012944,-0.8864693618984485
478,-0.0324477813856852,-1.5855641643752998,-1.514703867881561
479,1.8173476781668791,1.32383695432819,0.960164951491556
480,-0.0038639846951302,1.5485573129419965,1.5259509141222671
481,-1.9944491507997408,-1.1628749747911926,-0.8794339217527135
482,0.0910713185220777,-1.6986299188152427,-1.4282643620810334
483,1.959976906063192,1.264158042929199,0.8216311791723941
484,-0.0182987385669276,1.5098329339161176,1.5032360139380443
485,-1.9008823209072012,-1.2284819399774534,-0.8100785339462252
486,0.086007436031524,-1.7187429564117225,-1.419924598478648
487,2.0054661966041643,1.220767503467835,0.8235448553777219
488,-0.0061842898928159,1.6015509787162905,1.4958225559343783
489,-1.9622588875036109,-1.1367845556348106,-0.9115556285884666
490,-0.0216091851606458,-1.5271135595123375,-1.5664588771773706
491,2.0339014366690726,1.1454601480090492,0.953679827801919
492,0.0144919640573864,1.5654871844259626,1.5641393055284112
493,-2.0483959502650455,-1.2361130071101278,-0.8882145537551208
494,0.0265295319249949,-1.5685779131964603,-1.522922839995514
495,1.9743897458306283,1.2224476358450744,0.9546027562181784
496,0.0840183928489081,1.4299676655626272,1.491631116321624
497,-2.076105716458169,-1.1520396495975334,-0.7908614346275704
498,-0.0233294573769579,-1.5075786579975534,-1.4993305652419893
499,2.009101531668254,1.2949525818003924,0.8296460429947148
500,0.0462451124673866,1.627337353161006,1.512326977568048
501,-2.0636204196211274,-1.2841569192464657,-0.8912466986818609
502,-0.0301481733372912,-1.5417011411222272,-1.4594044589194837
503,1.9758002821476672,1.18151843975211,0.9796521966819268
504,-0.1166178797517269,1.531748854437856,1.5378117549427035
505,-1.865241644717723,-1.3002584367974723,-0.8176886797428263
506,-0.0096406326071763,-1.475041771763212,-1.4928452519528648
507,1.9352237239335897,1.111572581011668,0.8870922375275738
508,-0.0339346262794897,1.612974386399256,1.5564102212690654
509,-2.059308559614972,-1.187420798198307,-0.9094699600608636
510,0.0901759924007538,-1.6054384865107871,-1.5143237936440608
511,1.99119781902969,1.1529722580930333,0.8324650345372949
512,0.1051738855770727,1.5664388384428627,1.5276818939426966
513,-2.010344349348113,-1.1628420962512898,-0.8175997883978104
514,0.032685155610068,-1.5417353254282464,-1.5360184719671917
515,1.9821981612990467,1.2461555219944949,0.8073437932344418
516,-0.0360439368964861,1.5541538449847718,1.4681699400548012
517,-1.9939189797168475,-1.2158676152469874,-0.7820811566871391
518,0.0565455297606738,-1.567958039113402,-1.5425576008022128
519,2.0302073362947546,1.184078327158369,0.8584497546981233
520,0.0442639901279279,1.5485284687762777,1.5424494905195305
521,-1.9863035974018173,-1.2208446368143284,-0.9089407943177666
522,-0.0898666110270457,-1.5999132516819248,-1.4568840562843857
523,2.0380954416238013,1.2182920539932636,0.8707051932896386
524,0.0029305200935781,1.5267759762478823,1.5039415569206631
525,-1.953253903818015,-1.1615516292093269,-0.8121313130104295
526,-0.0306431880759246,-1.605783139982772,-1.4634793014296714
527,1.9290113820039128,1.2454062507940622,0.8320040268242928
528,0.1237184105791737,1.5978081623286673,1.4954232184987646
529,-1.9931599046940944,-1.2025936406068145,-0.873129108627486
530,0.0559054181470925,-1.6044824075594792,-1.5088830413305256
531,2.036556602869262,1.2160081882754412,0.9259455711567686
532,-0.0221663027193742,1.5433216173606363,1.4717248163590255
533,-2.0651838238742077,-1.262479264856152,-0.8113453893733809
534,0.00866445994531,-1.555382969037813,-1.4606614398135591
535,2.0038107738803217,1.160230604696249,0.8150439323968807
536,-0.0722537034046461,1.547532140737952,1.3608739557422562
537,-1.9926891903280757,-1.1744304444941125,-0.8468429096367901
538,0.0303343291006838,-1.5526514506253777,-1.4434509455665114
539,2.0016387122386585,1.320701849468915,0.7995546507491084
540,-0.010178854331758,1.562906469147971,1.5109542770748283
541,-2.0385838666071456,-1.1563846523107968,-0.9562074647061216
542,-0.0066896173172231,-1.6112455082255566,-1.5072993443946932
543,1.9719094219921336,1.1791203175693814,0.8325020542803045
544,0.0101040817966121,1.6133887475440312,1.573342229434224
545,-2.075481909449216,-1.2173642684877832,-0.9209876674984748
546,-0.1006944759401259,-1.5607752965627166,-1.5492284489534027
547,1.9760646019408945,1.0361432869290903,0.813719507291309
548,0.0391362912574684,1.6084686398357355,1.5354006478850242
549,-1.9696453372686384,-1.1524678065044938,-0.950674046757802
550,-0.0639920595700488,-1.5404940736333308,-1.439512101822191
551,1.975148598117615,1.2015488854077172,0.8154248815276861
552,0.0041679956161008,1.5264155649459186,1.5402113232267232
553,-1.960268878762796,-1.207704247538368,-0.8782787775857053
554,0.0015027246765829,-1.4411421982402055,-1.4751959660328366
555,1.9712837497455704,1.1804355634939614,0.90918945400112
556,-0.0370071230603286,1.5739314801274515,1.6123793665011794
557,-2.031705692423828,-1.1972408492664022,-0.934190097072068
558,0.0314324552369734,-1.589032962473348,-1.5300768464796504
559,1.9809712449608816,1.2166930257887825,0.925186645248911
560,0.0366364204956063,1.6027581603075631,1.438592268416609
561,-1.99170727382519,-1.2364867190593123,-0.8770868346961771
562,-0.0301548777343284,-1.537211106306415,-1.5161084644679517
563,1.9796286044542215,1.178881207268711,0.897295918953704
564,-0.0108335165319193,1.4740030058441052,1.5578977810772858
565,-1.9493053148526016,-1.1745799876907477,-0.842739105554269
566,0.0030743537247778,-1.480587022788204,-1.5023369386575394
567,2.0330306974286763,1.1777470951688795,0.8102874004420876
568,-0.0190771717933282,1.5201131569232569,1.4886316296085031
569,-1.9502115289199076,-1.2261687055005142,-0.8132406459703602
570,-0.104371755880907,-1.5944548439984152,-1.509733357474014
571,2.0215709726802,1.2196099842421162,0.8262891141700125
572,-0.1234042761536238,1.5586523789772513,1.4342366548353485
573,-1.985382261976378,-1.1733619278067668,-0.8254104174924256
574,0.0778291446215951,-1.6359806212728771,-1.6319968183529638
575,1.9758407150105268,1.0776153236166202,0.8928616061622551
576,-0.0859226701402001,1.5917027887265065,1.4937914504768957
577,-1.9246248348953343,-1.1901595208775153,-0.8709849431455082
578,-0.1185915606384275,-1.535622198631705,-1.5550120289783025
579,1.993383776437411,1.2035686786686468,0.964136615941404
580,0.014107127699921,1.612166598272384,1.4739105903805088
581,-2.1148656961730765,-1.1805560470291476,-0.8363223031128885
582,0.102145457422348,-1.5438567938402008,-1.4706566516637916
583,1.981427861284093,1.2511384449751377,0.8027417785086027
584,-0.0098017480240943,1.5319236323843763,1.4639876906647182
585,-2.0279334198771695,-1.1015860584355457,-0.9170256443205914
586,-0.0095467923148457,-1.591578337940494,-1.557608075207143
587,2.0524417981514618,1.1557315797973362,0.9034379810398304
588,0.0667611640534143,1.5652385328916123,1.4387178118303694
589,-2.0097764417789947,-1.2396319601829795,-0.8145578158511788
590,-0.0684213951753405,-1.427563791973032,-1.5000990853116167
591,1.9819184053785948,1.1621574464802746,0.8155757483967228
592,-0.0749359077799195,1.5508486390996552,1.5105452207470995
593,-2.0659853956220298,-1.2210820605118908,-0.8003041764375363
594,0.0064776475531746,-1.5162503094144393,-1.5101200450522323
595,2.0808397392961315,1.1855407439567396,0.8933918447022139
596,0.012587609657722,1.5856307404591388,1.5655237457686204
597,-1.9733714051421851,-1.1574889002103317,-0.9170635090836504
598,0.0328319954458033,-1.6604943346205836,-1.47419485373537
599,1.970473379800627,1.185217663710039,0.7770804959683171
600,0.005470534441107,1.5689449002452518,1.541079499103758
601,-1.9966584878924487,-1.2240983481429604,-0.9802034178609312
602,-0.086675018594493,-1.526123158968999,-1.4943044758802466
603,1.967210442414642,1.1839908698521646,0.8518155793990985
604,0.0160938078863762,1.6654505084968494,1.574506194923824
605,-2.0737170512397327,-1.2528272375473712,-0.8541526530934446
606,0.1089252278750541,-1.5338245504776131,-1.4752255745204637
607,1.9803390332772677,1.12399372227162,0.8437008795741534
608,0.0206863883880761,1.5517964723509747,1.527385796231476
609,-1.970540845957966,-1.1885373892259172,-0.912302469378159
610,-0.0122407846097798,-1.600801609902173,-1.5369806402134898
611,1.9651368084940075,1.2658686237472112,0.8646057270462997
612,-0.0379063022892967,1.5836312599987497,1.4969662988966128
613,-2.0182061685709662,-1.227798204111152,-0.8037176316233611
614,0.0138113374103231,-1.5256280371793818,-1.4220318976401278
615,1.928908920136835,1.256981159663774,0.9230417341202676
616,0.0228303462497683,1.518617173698987,1.509260672052801
617,-2.0320008487266836,-1.215421025895293,-0.9618977943358522
618,0.0768888122660915,-1.5681444495865366,-1.5222405165813873
619,2.0291332348459856,1.2942066213274863,0.8510271973927217
620,-0.0780480427245253,1.5158368693033628,1.44658853409679
621,-2.0328716713753083,-1.222187071047191,-0.8909179554618667
622,-0.0816603227566186,-1.5606700239883249,-1.506778783457192
623,2.010904026955511,1.1735543053410684,0.8908538726961384
624,0.0295987738394977,1.5837848394942504,1.5367841148509762
625,-1.899149890320353,-1.1545025193706857,-0.7690756770827774
626,-0.0109729691210222,-1.5866226874072218,-1.5015900664115769
627,1.9349707537673,1.259331975702464,0.8619521515560579
628,-0.0187650355570115,1.5218325039928955,1.5540386454558797
629,-1.9977955015373083,-1.213378465022041,-0.8201936187328768
630,-0.0083600291106766,-1.5938714660050235,-1.5367594639689235
631,1.9679669682670096,1.1611340908934762,0.9019422667798502
632,0.0016348673211156,1.5102507042033837,1.4804831910371383
633,-2.0106510969932603,-1.2522861172017965,-0.9686056823242386
634,0.0182384354953688,-1.614936764129123,-1.4128914742221474
635,2.003966633828938,1.220616105638303,0.8818263637985401
636,-0.0479871402517325,1.5964767008734737,1.4728099921560305
637,-2.0030417533385063,-1.21274156133644,-0.8281123246215603
638,-0.0053002853280006,-1.6143969805266718,-1.42626694184297
639,2.0512866947009623,1.1690168651247022,0.7640642804904036
640,-0.0242408123562946,1.4870688413690245,1.482467075058642
641,-2.0182871486375844,-1.1466248425093577,-0.8836958276336906
642,0.0124181033899333,-1.6692146163059742,-1.4871755962508753
643,1.9745524795910736,1.1990508469638994,0.8648905369846333
644,0.0313231306382175,1.6365240380375128,1.4474799493233346
645,-2.018116042513115,-1.230717204635643,-0.8134030900022492
646,-0.0113256674783492,-1.5797464194813522,-1.5230316136090762
647,1.9353938713406684,1.1479514764814205,0.8781420567715006
648,0.0549241595059819,1.564130403751714,1.579478716215617
649,-2.0422300499464168,-1.271218351318561,-0.8803395594657922
650,0.0223034097925689,-1.5113219529226534,-1.5591960393356783
651,1.8794773417590045,1.1814526433843666,0.8846592149334833
652,-0.0778468173982593,1.5645253795460654,1.499963387774774
653,-1.9110155894300171,-1.1643638449130502,-0.8409133165991202
654,0.0110872341240185,-1.529119655027842,-1.5632579998709537
655,2.0048632863118256,1.256462606042695,0.8627412738673285
656,-0.059711244610444,1.471643713280865,1.4409175919864758
657,-1.950655247653421,-1.2026544825789731,-0.9367700043863604
658,0.0137974385481615,-1.642674431540358,-1.4499718166591766
659,1.8970441436078809,1.267970388852848,0.8106122829201015
660,0.0894730352601366,1.5924604594075449,1.5342918568514192
661,-1.986557275106064,-1.1555990025008036,-0.9058122566269098
662,0.0744054171970255,-1.5674556995841802,-1.4902978909055942
663,2.018544195636388,1.1472684688610906,0.8848967790912922
664,0.0109829585715639,1.631854394622302,1.5280868011540296
665,-2.006528349634064,-1.2588766681039456,-0.8835796900210972
666,0.0005770113355818,-1.5607860566110785,-1.4314838307057534
667,1.9612728424460049,1.2596648746350378,0.8408782870387063
668,0.0155010627109258,1.5519326669650433,1.5385383198425
669,-1.923858599834373,-1.1950849018075804,-0.8536389256878716
670,0.0673062954662997,-1.5907968951722915,-1.4562286212105504
671,2.0682598772167187,1.155518790897167,0.8650907000630753
672,0.048368240722807,1.4951928613568382,1.4649415110543822
673,-1.9505889561062568,-1.1840433960423913,-0.8720961790074647
674,-0.0012357252503426,-1.5747211926186293,-1.541043023855694
675,1.9742930117500512,1.215459459643144,0.9587420087153148
676,0.0554333010539336,1.5334309394054189,1.5593317798947717
677,-1.991404150222047,-1.2153248291096008,-0.7632741042734555
678,0.0497262945277367,-1.5286422370939,-1.4247570759894963
679,1.9947141396520975,1.191440255527804,0.862041923917406
680,0.0386998616206423,1.6414017633323503,1.5012991839781389
681,-2.1133886206492005,-1.1639795471637275,-0.8483374046747815
682,0.054918727731784,-1.5686485419867957,-1.5182320383361745
683,2.034621467660485,1.2070266020248277,0.8776969875051667
684,-0.0872722806025356,1.5149515142349643,1.4726144062073214
685,-1.980945443717315,-1.161212896042264,-0.7965272758929431
686,-0.0034102421725682,-1.5553906391458443,-1.4915174987249529
687,1.919179948139496,1.207667919983029,1.003287029710626
688,-0.0510751144831144,1.5431539205365667,1.4774083848303992
689,-2.038834250713602,-1.2059187824286677,-0.8885511248105289
690,-0.0217643848570169,-1.5480728209089611,-1.5401910218371755
691,1.978869804971822,1.0916670977244118,0.8680976017235823
692,-0.0431087400268024,1.5491661384682904,1.5112719350441113
693,-2.047588259311744,-1.2347334718834386,-0.8751948965661076
694,0.0136045809677087,-1.6389129804739435,-1.486120949915847
695,1.9981400696965523,1.3000785978340936,0.854753813904248
696,-0.0115674055114916,1.4871839260792148,1.4723645895165336
697,-2.0051947605554115,-1.2601874277324223,-0.8591924482924057
698,0.0044389663820007,-1.5752607087063883,-1.4937567757835617
699,2.0123912516606537,1.219590323559694,0.9078922140023808
700,0.0070917378956726,1.6278103945525395,1.3905108327993558
701,-1.9706513305872495,-1.257050541759509,-0.8860827234255928
702,0.0478269116394933,-1.571088162446961,-1.4503317107588474
703,1.931466306086849,1.2243328127157955,0.7919319398410885
704,-0.0172718728650853,1.6408992964019369,1.4989294258639667
705,-2.004050871851896,-1.119363056842111,-0.8715846931082081
706,0.0166620210380325,-1.5557515203345034,-1.5321449542108037
707,1.959289272582491,1.1233738861949794,0.8549577487763467
708,0.0154642795618568,1.539459326813674,1.4787369303859024
709,-1.9647207520465624,-1.169872377502702,-0.8662229068603459
710,-0.0117096562423603,-1.6100385673086952,-1.5436716486152064
711,1.971256464227888,1.2179607803984875,0.905856917030366
712,-0.0256384765423121,1.533149811647303,1.5167125360185258
713,-2.1085183219328822,-1.3100670901746998,-0.8838382923873234
714,0.0218978159362925,-1.606406593256446,-1.4512766410640217
715,2.0606510181260616,1.1856137681288186,0.7928791157563432
716,0.0038970270749389,1.5091468441678948,1.5480339710423112
717,-2.0510437263493877,-1.2368020441042291,-0.894950106979075
718,-0.0487098044303791,-1.5804929216827577,-1.4350865967291315
719,1.939795590268623,1.2452802443989626,0.7947704205110013
720,0.0470446058075128,1.4809480933440873,1.4420258884607264
721,-2.0400085683616083,-1.2190590010060858,-0.85545335329714
722,0.0037924564732144,-1.5122859434872735,-1.5106899281976498
723,2.0440598600099,1.2948305738363954,0.8534385450406398
724,-0.0339192855207243,1.603543156070757,1.6369054215083032
725,-1.9673753714136757,-1.1714119579016509,-0.8889298366228522
726,-0.0044117616507999,-1.6364721647800664,-1.4356324039536832
727,2.047224798240401,1.2287053531801182,0.8758346675110398
728,0.045044132358336,1.5808899309694149,1.547407873178012
729,-1.9629921361830924,-1.2322663823828257,-0.8989557607654247
730,-0.0095550283233761,-1.5992416532426557,-1.449139438143497
731,2.0623286898513618,1.21187385067884,0.7650117134126411
732,-0.0687316938618018,1.5704728864457926,1.4348552856064758
733,-2.008847986318082,-1.2314824217254798,-0.8570429191799561
734,0.0243371180174928,-1.569140617857116,-1.5079219867105889
735,1.9956126787414787,1.240239414095007,0.7632589111897932
736,-0.0300152928022294,1.558585815079431,1.4960242492163858
737,-1.958812625532707,-1.1895048701358746,-0.9357415182435538
738,-0.0492242643882451,-1.559547525641509,-1.4728956790967307
739,2.0470971647480267,1.2185830279030712,0.9146219779241016
740,-0.0633706894797866,1.6164645401240976,1.4623488913779958
741,-1.9524222443084092,-1.2668441738730656,-0.8506881761415526
742,-0.0162890582169016,-1.6161500750848607,-1.5462774010827816
743,2.028405091332832,1.1817827588643053,0.8894692293108952
744,0.0536946215153368,1.6055405473972646,1.4840178013397534
745,-2.0792189774158425,-1.166665656100777,-0.789821963944251
746,-0.0776868802948031,-1.6120272914119538,-1.4680651997388003
747,1.8931742537009804,1.118169407042632,0.8945619205985784
748,0.052742057870731,1.631302261811294,1.4833347072819312
749,-1.9548851797506703,-1.2046183394829015,-0.8103874431478433
750,-0.0295210568944321,-1.614617717976055,-1.4456606078902967
751,2.041280917501026,1.211255639953346,0.8039477260697133
752,0.0614090130836169,1.652605133941314,1.438292441909799
753,-1.972703997582357,-1.2198929007315769,-0.857249890551381
754,0.0790456168773971,-1.6168799391534896,-1.525358004667737
755,1.9324464602250084,1.2434564095200622,0.9502064112186308
756,-0.0460128652880688,1.5654950322182293,1.5270896648744097
757,-2.004042374695606,-1.2105639744762202,-0.8369436980021357
758,-0.0387386388900602,-1.572350270473208,-1.398769191316376
759,1.9672150391684,1.271314548383867,0.9041313829466012
760,-0.0421149002350638,1.5570459485751134,1.5468587457327765
761,-2.0148869438467205,-1.2650382726023937,-0.9051215612190076
762,0.012012499878056,-1.566727893036086,-1.506958229838638
763,1.947741806664386,1.2075851774,0.8228035640249507
764,0.0173682873418084,1.5435921398700436,1.5021551056726858
765,-1.9773091979961095,-1.2172101248994542,-0.8692567689562798
766,0.0360066686598791,-1.5019737557748696,-1.5554965183891734
767,1.9652639698863847,1.203730642824389,0.8417765934831111
768,0.0030067211637832,1.6016769366000343,1.4964201548217198
769,-2.0050543258949136,-1.2704226162344612,-0.8896172073994574
770,-0.0754685156485854,-1.5557096842101652,-1.5728700551527754
771,2.116735591679041,1.1662664589647984,0.9190067688815368
772,0.0222919489263433,1.5642702672718325,1.4589568424831654
773,-1.9989437881263128,-1.1630752194602076,-0.8405854533867183
774,-0.0306559573147059,-1.6137193500211269,-1.4687362650040392
775,1.9650409173373211,1.2197864651636263,0.8024791991471254
776,-0.0206913118157892,1.6384663757005815,1.4625412197082968
777,-1.9544948271194325,-1.132848931538876,-0.8278272582805287
778,-0.0559559927209239,-1.545450865003711,-1.5670325366586986
779,1.9805353810966768,1.3571089686963385,0.76941394660826
780,0.0565357755151435,1.5724577320294522,1.413379198592135
781,-1.969732681464945,-1.125523026841465,-0.862874701348972
782,0.0410678674878284,-1.6159298684094965,-1.4802794701370372
783,2.009450947592782,1.1810175185027387,0.833624770062585
784,0.0260548868766844,1.5521706585848931,1.479331894865128
785,-2.0188731061282725,-1.1535400279478754,-0.8243102458189551
786,-0.0397166166056409,-1.5597653977863677,-1.4589754951976122
787,2.0135784205033733,1.1576444425693797,0.8637115337679969
788,0.0657489436091272,1.5816980236730034,1.5076782814037446
789,-2.0588125874204355,-1.2658109379992832,-0.9768037929683936
790,0.0800075387378297,-1.6053789015777769,-1.5374954434339918
791,1.93376828801463,1.214198500118957,0.8363453376252006
792,0.0355081088603755,1.562904545707554,1.605039963324358
793,-1.9346188992394409,-1.137846402186249,-0.8925314986709069
794,0.0288599054148623,-1.5277400420363203,-1.5646088691672215
795,1.9166969901878992,1.2278487093039263,0.8426196205539268
796,0.0584477005491592,1.6075177161431926,1.4804649482742125
797,-2.006060503701843,-1.2540722895198182,-0.9436088056276856
798,-0.0390808778757916,-1.6028040174312406,-1.4310455528259989
799,1.962016637739151,1.164328471383693,0.887349845722995
800,0.0799691373676726,1.5432896054877887,1.5041483984209971
801,-2.000250993377206,-1.2746454545542936,-0.8560922419904933
802,0.0501596578411566,-1.642086379333601,-1.4728201823463662
803,1.9158275195430363,1.287555525338249,0.8310791096589575
804,0.0093755326935547,1.550526618562712,1.4805601708043767
805,-1.999939723111117,-1.1761276852478262,-0.893362057589183
806,0.0690908973464596,-1.5247217198719871,-1.4687849757595113
807,2.110996591622098,1.2104441387602,0.839258321718459
808,-0.030320780920384,1.627235585727074,1.5243645498479663
809,-2.072839267713219,-1.1464595452823545,-0.9017904533094216
810,0.0554117554736252,-1.5331700357965126,-1.4958977314406303
811,1.9676618395669037,1.1653215323112451,0.8225616331864197
812,-0.0741004719939971,1.5739296406207208,1.5688316477991833
813,-2.051395182620715,-1.2715488344119734,-0.9048205841314332
814,0.0604005644662249,-1.4774525070264346,-1.5730354014646537
815,1.9703018102952312,1.2893978626577591,0.9012777310372408
816,-0.0213074705791108,1.5736964431050215,1.461545176257688
817,-2.096888125965869,-1.3389796900039388,-0.9378879536569836
818,0.0330019944200723,-1.4994554588370728,-1.4792239579578546
819,2.0136970592939516,1.1864193453923515,0.874220498393925
820,-0.065080602366289,1.6704954229034483,1.578918018189551
821,-2.0123452507610904,-1.1262124875485522,-0.8739828187050724
822,-0.0318963418621469,-1.5873779316658183,-1.514538497095862
823,1.895210874941787,1.204978478928668,0.8225464235006399
824,-0.0199068599133917,1.5040416340276233,1.4930693214386006
825,-1.9933546102628323,-1.2058729467174485,-0.94312099728414
826,0.0176616077382513,-1.6009448013621763,-1.5308943724145898
827,1.9886177907932427,1.1566225952814553,0.8513611341918909
828,-0.00045068251695,1.546748921467456,1.468164149143296
829,-2.04447263364229,-1.159246689835982,-0.9321570131126284
830,0.0102619351462661,-1.546517456722607,-1.5483319834329132
831,1.9441921448573425,1.2234211409947122,0.8420003233478117
832,-0.075372608407378,1.5756729545423622,1.5399596598289782
833,-2.0127496174098014,-1.1887762769187862,-0.8337347408001574
834,0.0187822619499355,-1.542552032528914,-1.477526392399215
835,2.034343100227273,1.1978875618033151,0.8408638628051643
836,0.0091093116397026,1.5244848125121369,1.4739832466950378
837,-1.998750115858665,-1.1977678229319078,-0.885537359703373
838,0.025474408503976,-1.5048961184327647,-1.4873670215891015
839,2.0639301014563176,1.213933653214554,0.8959769414787245
840,-0.018020444035472,1.584345609821906,1.3849030553784392
841,-1.9209175815017288,-1.162233504810243,-0.9348506220515672
842,-0.03133922462542,-1.5319485915080375,-1.406962051407891
843,2.1148528374061293,1.1830009436566509,0.8939922811516658
844,-0.0978881744808873,1.5683408522378937,1.484799323066375
845,-2.0791008921517773,-1.2462213622438594,-0.9203512916757116
846,0.0504988430750961,-1.6589764992521636,-1.6269255665489697
847,1.9621022102522745,1.2771806913485355,0.8683201305384657
848,0.01872417463213,1.6290040047311218,1.4859730266810984
849,-1.97314752020108,-1.20552253626312,-0.8782622175638439
850,-0.0784445403856049,-1.539685349149476,-1.4802936135863487
851,1.9380406157479504,1.2196079532884974,0.90829256949454
852,-0.0065206522010934,1.7198939900707255,1.5654594710800205
853,-1.9545012987281225,-1.1822820850876887,-0.8094372557998682
854,0.0434467743722726,-1.6163953629479282,-1.4672004769218354
855,2.010644039200185,1.271842148925883,0.8706361094766133
856,0.0056467942926303,1.6745540342155874,1.3674394867692243
857,-1.9596171171567616,-1.14731541313871,-0.9065487982631582
858,0.0589974086331277,-1.5537952279401257,-1.5492013608072983
859,2.045491986601861,1.222880817730048,0.864796677995453
860,-0.041159886542753,1.6199580509499605,1.5775507627232035
861,-1.979013618940363,-1.1807179227142808,-0.8293408832956811
862,-0.0534165024508791,-1.580564283219862,-1.5127457877119943
863,1.9720340664473583,1.2008144256082975,0.8496764324138281
864,0.0846028659404622,1.5508510364343326,1.5724894374710066
865,-1.9408888571689675,-1.2053575505420258,-0.8322761917014532
866,0.063374519155482,-1.4855168208072602,-1.482475883917781
867,2.052932078147645,1.2605591363129414,0.8357826317083016
868,0.0130837331542385,1.47108555207179,1.4702665758282938
869,-1.936105625618448,-1.1441432269354344,-0.9638855878249089
870,-0.0325591980596375,-1.505779164023895,-1.4668770603266397
871,1.971857592461694,1.1904150905160358,0.9002105685276293
872,0.0692423953126901,1.5855886220954605,1.3693133491657428
873,-2.007344188678967,-1.2270219661785902,-0.9912751210753578
874,-0.0526566403972961,-1.6102423379191968,-1.4720405837356425
875,1.9706815842805263,1.2887444057422206,1.005971074090442
876,-0.0318374017056495,1.5654216913594503,1.4783410115822273
877,-2.000959130231869,-1.167596780791477,-0.8497547025050534
878,0.0147231941857773,-1.609968823662267,-1.4907603487259882
879,1.9883647260371873,1.2784051603683857,0.8796150445965082
880,-0.0793418599541947,1.654269010959146,1.5188572507970888
881,-2.0689838781946746,-1.2313612594083343,-0.8716184939924773
882,-0.0322417947162971,-1.5670472829996578,-1.4398884722182657
883,2.000354962233424,1.1419607015014903,0.9161479938182324
884,0.0433031045580005,1.5634227556335951,1.466000411510078
885,-1.9148821562231049,-1.1661779826405596,-0.8345737168633369
886,0.0565754449351916,-1.5376825479790988,-1.4654791096514992
887,2.0116472055513417,1.10722177887087,0.9058323659410384
888,-0.0014734094137465,1.6237493907480336,1.5026041500090137
889,-1.9486613492688127,-1.1894789953297116,-0.8331545769629147
890,0.0358283473662705,-1.6334600696806731,-1.486524351764016
891,1.9982919324369115,1.139269169264323,0.964709196276486
892,0.009005644176886,1.5637628222394806,1.4921757500076112
893,-2.0483408853785443,-1.308697572457671,-0.8242838329334646
894,0.0627831730041249,-1.5922858031007951,-1.5599446299695392
895,1.9175695275341036,1.2108217976220443,0.7928180711488606
896,-0.0105446611890561,1.6036957313017384,1.4768853765823158
897,-2.0204204155516496,-1.1367380962549314,-0.9006700133550195
898,0.0101546901437977,-1.5627816310561264,-1.5487316782089064
899,1.9636195269962344,1.1696023459098963,0.8510520660741591
900,-0.0079036161413143,1.5815818799252734,1.477970071566282
901,-2.004038543115266,-1.2503802231279555,-0.8319860359844686
902,0.0024675853186428,-1.6337847047098506,-1.4498538580335794
903,2.0311193668278897,1.1638504362542792,0.9244226807475356
904,0.0286405520864807,1.5279923620365288,1.5643487206525073
905,-1.9288095168043529,-1.2224758178700672,-0.900052481703464
906,-0.0952327483878141,-1.571712683306246,-1.5781729401394822
907,2.0110111181631076,1.2002368175919027,0.865966479706295
908,0.0400942340528865,1.6355467457024229,1.491097966434978
909,-2.047955705324485,-1.2071704385546524,-0.899539410713922
910,0.0207470088593764,-1.595530664764207,-1.5112299357021626
911,2.092204439580556,1.2233351761497235,0.7631326012556262
912,-0.0205665351026721,1.6873475511100988,1.4843989307319791
913,-2.014939488765661,-1.1857556355211183,-0.7947722465752917
914,-0.0131020782524073,-1.5765111756192407,-1.4784345437739304
915,1.9799653156049273,1.2060186588833584,0.799193601009591
916,-0.0210571880328339,1.5315555499249112,1.5011697791178011
917,-2.027849235895909,-1.2232784421079517,-0.8913276616716853
918,-0.0395460749415901,-1.649314249530958,-1.50879884191129
919,2.0353857203629437,1.2128127298334186,0.8567741704259131
920,-0.0380156268400369,1.5480054008699609,1.608981271214427
921,-2.0508685406042235,-1.308579728813992,-0.9139225143313364
922,0.0167490061303951,-1.5235897843855657,-1.3484788759935948
923,1.9385818252869431,1.1594957966538215,0.9040330811946584
924,-0.0119923380306101,1.5478515412635685,1.4230417526332817
925,-2.009523409301102,-1.1046465797438627,-0.8910565302890464
926,-0.0265365540049974,-1.6288086862835487,-1.455841662396859
927,2.0218738629536435,1.2891315655660216,0.8134568884108813
928,0.0174418063778306,1.6293494877263794,1.4414336086851285
929,-2.0126650333970693,-1.172652234716822,-0.9309335828471428
930,0.0325121551636284,-1.5499411206504146,-1.472637165554662
931,1.9442557454119844,1.2289120079869928,0.8406926251592829
932,0.0330807934661678,1.5007242293379048,1.434539599117289
933,-2.007730115099608,-1.1900274737284848,-0.9665349686104868
934,0.041766873784347,-1.5126102093923888,-1.580621173020304
935,2.0030731053233843,1.208727399057692,0.8215227660191607
936,0.0155705467915086,1.4820048002505202,1.4542936400948587
937,-2.038438257541874,-1.0841842775457358,-0.9173335014526648
938,0.0581850697317202,-1.557115485504555,-1.4698580366337048
939,2.1023550053933664,1.18580434429701,0.9096288519509448
940,-0.0210776415882396,1.621372858251939,1.4248067351567002
941,-2.042792569510794,-1.2587847813056403,-0.8890321137771885
942,-0.0836457487117954,-1.6619749440683502,-1.476496802430133
943,1.9507169541982057,1.2226870200063729,0.9389124253991062
944,-0.0242117262713649,1.5443365614327875,1.46911374869727
945,-2.02972277381049,-1.2763580325264527,-0.929279724990298
946,0.0018769958410581,-1.570397696409226,-1.5434089010689334
947,2.0725947386298307,1.24089800182426,0.8257555012381671
948,-0.0339019933957936,1.5410191949890557,1.5675531797666529
949,-2.016771678895078,-1.1858754683247517,-0.8578124242842107
950,-0.0460552721896672,-1.5026449847397223,-1.5514189520669417
951,2.088132640084365,1.2584472639970363,0.8337560537952534
952,-0.1149224741089001,1.6701190314705858,1.420408674912562
953,-2.034716355991513,-1.1664933788266725,-0.7643273629709482
954,-0.0605061263590493,-1.5909611901343177,-1.4550171682338038
955,1.999657921361371,1.2392708949498168,0.8311011783561877
956,-0.1005128095327019,1.5671107106863174,1.583124515610852
957,-2.0002677941593277,-1.228564294474127,-0.8634533462668263
958,-0.010879141072453,-1.5672685926282264,-1.4184455501406954
959,1.986869105455914,1.148904378312912,0.8025567732865132
960,-0.0253463021295078,1.57756854699104,1.5370473384994543
961,-2.0116020540271102,-1.2247834165050298,-0.9637935805570774
962,0.0460677942265418,-1.6392157276515995,-1.5660125093883983
963,2.036004557731222,1.2103107849327617,0.8881357828835462
964,0.0268418310394391,1.5642081710840765,1.4923844244228417
965,-1.994455137815944,-1.1898834974347832,-0.9862353115551112
966,-0.0644505595955503,-1.6247920168281074,-1.3610184043446951
967,2.0520054086194537,1.2667304990171513,0.8879776605441881
968,-0.0197602172314935,1.5829244901984625,1.5737993267496275
969,-2.0679437892886203,-1.1093829874900918,-0.8753403959819696
970,0.0252784989088282,-1.605271279128398,-1.5190725818895854
971,2.03690298749905,1.2521017172560072,0.961951839136495
972,-0.0201547411880013,1.514584593855177,1.5104134535281968
973,-1.9820427850507965,-1.2430125769055305,-0.8558881341101822
974,0.0118573300610767,-1.4742132298747268,-1.529774549665067
975,2.034224733184226,1.169797448986049,0.8565082312053235
976,0.0461439827981487,1.5294545708911638,1.4152434503686295
977,-1.9741643488208336,-1.2387252132241882,-0.8506644570906552
978,-0.0129286626509542,-1.4774750338782128,-1.4691157857361992
979,1.9821414169550864,1.276708957265408,0.8950725447715421
980,0.0342051682516461,1.4006089450396753,1.5097310415490708
981,-1.960079439628291,-1.20652929559276,-0.9023102641861792
982,0.0300307773741095,-1.6006975103969456,-1.5630344932697984
983,1.9080419287084824,1.0730066488204917,0.7847035734958998
984,-0.040714283637476,1.6232714091908704,1.5166589764376048
985,-1.976217803199772,-1.2412397835578182,-0.8597204596122122
986,0.0005217422839099,-1.5571253453254932,-1.551102537000583
987,1.9950039205885668,1.188198945942144,0.859296113432519
988,-0.0113004495006179,1.5395989540846038,1.467344314593222
989,-2.0442700967147713,-1.2378591637957137,-0.8789359101778663
990,-0.0748413417604497,-1.516049901970809,-1.423770141764779
991,2.024101288430604,1.1608216362008434,0.850300800370878
992,-0.0409747081366195,1.6584561954574868,1.429454288050915
993,-1.9611033890321243,-1.2319883819417683,-0.8075130073518401
994,-0.0131753235593548,-1.5920974234689986,-1.6191806491685252
995,1.9891818109815824,1.2289235258787352,0.8966608619931953
996,-0.0183542172219295,1.634332869001511,1.513398149609157
997,-2.0846606497161706,-1.252893837489095,-0.8702095778102201
998,0.0275228165832308,-1.5818734296507966,-1.5485068581349717
999,2.002021151618523,1.203656136877664,0.8191613413234329
